{
    "name": "root",
    "metadata": {
        "timer_format_version": "0.1.0",
        "start_time_seconds": "1736451523",
        "python_version": "3.10.11 (tags/v3.10.11:7d4cc5a, Apr  5 2023, 00:38:17) [MSC v.1929 64 bit (AMD64)]",
        "command_line_arguments": "C:\\Users\\flyin\\github\\ml-agents\\Project\\Assets\\ML-Agents\\Scenes\\.venv\\Scripts\\mlagents-learn Agents/config.yaml --run-id=training1 --force",
        "mlagents_version": "1.1.0",
        "mlagents_envs_version": "1.1.0",
        "communication_protocol_version": "1.5.0",
        "pytorch_version": "2.5.1+cpu",
        "numpy_version": "1.23.5",
        "end_time_seconds": "1736451612"
    },
    "total": 89.39262290000079,
    "count": 1,
    "self": 0.00636819999817817,
    "children": {
        "run_training.setup": {
            "total": 0.11771010000120441,
            "count": 1,
            "self": 0.11771010000120441
        },
        "TrainerController.start_learning": {
            "total": 89.2685446000014,
            "count": 1,
            "self": 0.03103110007396026,
            "children": {
                "TrainerController._reset_env": {
                    "total": 14.575246600001265,
                    "count": 1,
                    "self": 14.575246600001265
                },
                "TrainerController.advance": {
                    "total": 74.47193729992614,
                    "count": 1601,
                    "self": 0.013485799921909347,
                    "children": {
                        "env_step": {
                            "total": 74.45845150000423,
                            "count": 1601,
                            "self": 72.45698180000363,
                            "children": {
                                "SubprocessEnvManager._take_step": {
                                    "total": 1.9847726999942097,
                                    "count": 1601,
                                    "self": 0.05621330001667957,
                                    "children": {
                                        "TorchPolicy.evaluate": {
                                            "total": 1.9285593999775301,
                                            "count": 1601,
                                            "self": 1.9285593999775301
                                        }
                                    }
                                },
                                "workers": {
                                    "total": 0.016697000006388407,
                                    "count": 1600,
                                    "self": 0.0,
                                    "children": {
                                        "worker_root": {
                                            "total": 13.227562000012767,
                                            "count": 1600,
                                            "is_parallel": true,
                                            "self": 4.641509299986865,
                                            "children": {
                                                "steps_from_proto": {
                                                    "total": 0.0003277000014350051,
                                                    "count": 1,
                                                    "is_parallel": true,
                                                    "self": 0.00016850000247359276,
                                                    "children": {
                                                        "_process_rank_one_or_two_observation": {
                                                            "total": 0.00015919999896141235,
                                                            "count": 2,
                                                            "is_parallel": true,
                                                            "self": 0.00015919999896141235
                                                        }
                                                    }
                                                },
                                                "UnityEnvironment.step": {
                                                    "total": 8.585725000024468,
                                                    "count": 1600,
                                                    "is_parallel": true,
                                                    "self": 0.08012020001842757,
                                                    "children": {
                                                        "UnityEnvironment._generate_step_input": {
                                                            "total": 0.06542100002116058,
                                                            "count": 1600,
                                                            "is_parallel": true,
                                                            "self": 0.06542100002116058
                                                        },
                                                        "communicator.exchange": {
                                                            "total": 8.185718999995515,
                                                            "count": 1600,
                                                            "is_parallel": true,
                                                            "self": 8.185718999995515
                                                        },
                                                        "steps_from_proto": {
                                                            "total": 0.2544647999893641,
                                                            "count": 1600,
                                                            "is_parallel": true,
                                                            "self": 0.15595389996815356,
                                                            "children": {
                                                                "_process_rank_one_or_two_observation": {
                                                                    "total": 0.09851090002121055,
                                                                    "count": 3200,
                                                                    "is_parallel": true,
                                                                    "self": 0.09851090002121055
                                                                }
                                                            }
                                                        }
                                                    }
                                                }
                                            }
                                        }
                                    }
                                }
                            }
                        }
                    }
                },
                "TrainerController._save_models": {
                    "total": 0.19032960000004095,
                    "count": 1,
                    "self": 0.020996799999920768,
                    "children": {
                        "RLTrainer._checkpoint": {
                            "total": 0.1693328000001202,
                            "count": 1,
                            "self": 0.1693328000001202
                        }
                    }
                }
            }
        }
    }
}